hCoV-19/Japan/PG-532482/2023|2023-04-27|2023-06-29
hCoV-19/Indonesia/JK-NIHRD-W03703/2023|2023-05-24|2023-08-31
hCoV-19/Denmark/DCGC-590851/2022|2022-10-03|2022-10-08
hCoV-19/Denmark/DCGC-590984/2022|2022-10-01|2022-10-08
hCoV-19/Germany/BW-RKI-I-1007633/2022|2022-10-15|2022-10-27
hCoV-19/Germany/BW-RKI-I-1012991/2022|2022-10-17|2022-10-27
hCoV-19/USA/IN-CDC-STM-7EFCGQAAP/2022|2022-10-10|2022-10-27
hCoV-19/Denmark/DCGC-599885/2022|2022-10-19|2022-10-28
hCoV-19/Sweden/AC-COR034238/2022|2022-10-06|2023-07-07
hCoV-19/USA/WA-CDC-LC0918611/2022|2022-10-17|2022-11-02
hCoV-19/Denmark/DCGC-603159/2022|2022-10-27|2022-11-03
hCoV-19/Australia/NSW-ICPMR-35963/2022|2022-10-25|2022-11-04
hCoV-19/USA/NJ-CDC-QDX42698317/2022|2022-10-19|2022-11-08
hCoV-19/USA/TX-CDC-QDX42813753/2022|2022-10-20|2022-11-08
hCoV-19/USA/MD-CDC-QDX42861197/2022|2022-10-24|2022-11-08
hCoV-19/Germany/BW-RKI-I-1022725/2022|2022-11-02|2022-11-11
hCoV-19/Finland/THL-202219293/2022|2022-10-06|2022-11-14
hCoV-19/USA/CA-CDC-STM-HY9ZUC2QU/2022|2022-10-29|2022-11-14
hCoV-19/USA/WA-CDC-LC0926294/2022|2022-10-24|2022-11-15
hCoV-19/Germany/BW-RKI-I-1026323/2022|2022-11-08|2022-11-17
hCoV-19/Germany/SH-RKI-I-1027257/2022|2022-10-27|2022-11-17
hCoV-19/Luxembourg/LNS0885056/2022|2022-10-24|2022-11-18
hCoV-19/USA/UT-UPHL-230526459298/2023|2023-05-18|2023-09-01
hCoV-19/Indonesia/JK-NIHRD-WGS-22-32396/2022|2022-11-13|2022-11-28
hCoV-19/USA/CA-CDC-STM-XENWVXHHN/2022|2022-11-10|2022-11-29
hCoV-19/Malaysia/IMR_LF00901/2022|2022-11-18|2022-11-30
hCoV-19/Germany/BW-RKI-I-1034667/2022|2022-11-16|2022-12-02
hCoV-19/Germany/BY-RKI-I-1038328/2022|2022-11-22|2022-12-02
hCoV-19/Germany/NI-RKI-I-1038829/2022|2022-11-04|2022-12-02
hCoV-19/Germany/BW-RKI-I-1039798/2022|2022-11-26|2022-12-02
hCoV-19/Australia/VIC-VIDRL-00010989/2023|2023-06-03|2023-09-05
hCoV-19/USA/MI-CDC-QDX43797562/2022|2022-11-16|2022-12-05
hCoV-19/Germany/BY-RKI-I-1042212/2022|2022-11-25|2022-12-08
hCoV-19/Denmark/DCGC-621180/2022|2022-12-01|2022-12-10
hCoV-19/France/BRE-IPP56785/2022|2022-11-28|2022-12-09
hCoV-19/Australia/WA-9628/2022|2022-11-28|2022-12-12
hCoV-19/USA/CA-CDC-STM-APMCYUQ8S/2022|2022-11-25|2022-12-12
hCoV-19/USA/MI-CDC-STM-T5YYYXKRT/2022|2022-11-25|2022-12-12
hCoV-19/Reunion/ChuReu-723061392701/2023|2023-05-24|2023-09-05
hCoV-19/USA/VA-CDC-QDX43989860/2022|2022-11-25|2022-12-12
hCoV-19/USA/CA-CDC-LC0944962/2022|2022-11-27|2022-12-12
hCoV-19/USA/MN-CDC-LC0949616/2022|2022-11-28|2022-12-15
hCoV-19/Denmark/DCGC-624271/2022|2022-12-06|2022-12-16
hCoV-19/Lithuania/MB221123-0027/2022|2022-11-14|2022-12-16
hCoV-19/Portugal/PT44732/2022|2022-12-05|2022-12-18
hCoV-19/USA/NC-CDC-QDX44242230/2022|2022-12-01|2022-12-20
hCoV-19/Germany/BB-RKI-I-1065862/2022|2022-12-07|2022-12-21
hCoV-19/Germany/BW-RKI-I-1067733/2022|2022-12-02|2022-12-21
hCoV-19/Germany/BW-RKI-I-1068584/2022|2022-12-13|2022-12-21
hCoV-19/Malaysia/IMR_LF01896/2022|2022-12-14|2022-12-22
hCoV-19/France/PDL-IPP58844/2022|2022-12-12|2022-12-23
hCoV-19/France/PDL-IPP58669/2022|2022-12-11|2022-12-23
hCoV-19/USA/OH-CDC-QDX44486026/2022|2022-12-08|2022-12-29
hCoV-19/Guatemala/9896-LNS/2022|2022-11-28|2022-12-29
hCoV-19/USA/CA-CDC-STM-WF22Z2UWZ/2022|2022-12-17|2022-12-29
hCoV-19/Germany/BW-RKI-I-1073203/2022|2022-12-15|2022-12-29
hCoV-19/Germany/NI-RKI-I-1073386/2022|2022-12-12|2022-12-29
hCoV-19/France/PDL-IPP59726/2022|2022-12-19|2023-01-03
hCoV-19/Morocco/NIH-1232/2022|2022-12-09|2023-01-04
hCoV-19/USA/CA-CDC-LC0970348/2022|2022-12-15|2023-01-04
hCoV-19/USA/PA-CDC-STM-QNU2V66HY/2022|2022-12-21|2023-01-05
hCoV-19/Turkey/KSS-KSS4936029142/2022|2022-12-26|2023-01-06
hCoV-19/Luxembourg/LNS1052096/2022|2022-12-19|2023-01-13
hCoV-19/USA/GA-CDC-QDX44737612/2022|2022-12-15|2023-01-19
hCoV-19/USA/FL-CDC-QDX44995996/2022|2022-12-21|2023-01-19
hCoV-19/USA/CA-CDC-QDX44939865/2022|2022-12-23|2023-01-19
hCoV-19/Germany/SL-RKI-I-1081537/2022|2022-12-19|2023-01-20
hCoV-19/Germany/NI-RKI-I-1085074/2022|2022-12-27|2023-01-20
hCoV-19/Finland/THL-01106/2023|2023-01-08|2023-01-20
hCoV-19/Ireland/RN-NVRL-S23IRL00003053/2023|2023-01-08|2023-01-25
hCoV-19/USA/CA-CDC-STM-XVJ7VUGAD/2022|2022-12-26|2023-01-25
hCoV-19/USA/TX-CDC-STM-65D79JKRK/2022|2022-12-30|2023-01-25
hCoV-19/USA/IL-CDC-STM-GH2FX9NNJ/2023|2023-01-02|2023-01-25
hCoV-19/USA/PA-CDC-STM-3ZXF779ZU/2023|2023-01-10|2023-01-25
hCoV-19/USA/CA-CDC-QDX45529834/2023|2023-01-11|2023-01-27
hCoV-19/Sweden/1260762142R4/2023|2023-01-03|2023-01-30
hCoV-19/USA/TX-CDC-QDX45529548/2023|2023-01-10|2023-01-30
hCoV-19/USA/NV-CDC-QDX45593215/2023|2023-01-12|2023-01-30
hCoV-19/USA/CA-GBW-H10-014-3301/2023|2023-06-13|2023-06-26
hCoV-19/Japan/PG-429834/2023|2023-01-04|2023-01-25
hCoV-19/Austria/AGES-1139881/2023|2023-06-13|2023-06-22
hCoV-19/Austria/AGES-1140063/2023|2023-06-14|2023-06-22
hCoV-19/USA/VA-GBW-H10-014-4082/2023|2023-06-10|2023-06-20
hCoV-19/Canada/QC-L00620974001/2023|2023-05-29|2023-06-16
hCoV-19/Wales/PHWC-PKO7WI/2023|2023-05-20|2023-06-14
hCoV-19/USA/CA-CCPHL-5033/2023|2023-05-22|2023-06-13
hCoV-19/USA/CA-HLX-STM-9G4M9U38K/2023|2023-05-20|2023-06-12
hCoV-19/USA/DC-CDC-LC0993912/2023|2023-01-18|2023-01-31
hCoV-19/USA/TX-HMH-129092/2023|2023-05-15|2023-06-05
hCoV-19/USA/NJ-CDC-QDX45592745/2023|2023-01-14|2023-01-31
hCoV-19/Denmark/DCGC-639965/2023|2023-01-24|2023-02-01
hCoV-19/Indonesia/KI-FK_UNMUL-32469/2023|2023-05-02|2023-05-31
hCoV-19/USA/MI-UM-HS16814/2023|2023-02-21|2023-05-30
hCoV-19/India/KA-RFNB-19916/2023|2023-04-12|2023-05-28
hCoV-19/USA/WA-CDC-UW23050771268/2023|2023-05-07|2023-05-17
hCoV-19/USA/HI-H2321754/2023|2023-04-27|2023-05-17
hCoV-19/USA/FL-CDC-QDX45593324/2023|2023-01-12|2023-02-02
hCoV-19/Netherlands/NB-RIVM-129772/2023|2023-04-19|2023-05-12
hCoV-19/Canada/BC-BCCDC-621536/2023|2023-04-11|2023-05-12
hCoV-19/Canada/QC-L00609947001/2023|2023-04-23|2023-05-11
hCoV-19/USA/NC-CDC-LC1040034/2023|2023-04-30|2023-05-11
hCoV-19/Peru/LIM-INS-43101/2022|2022-12-01|2023-05-08
hCoV-19/France/OCC-HCL-723000627301/2023|2023-04-11|2023-05-05
hCoV-19/Mexico/MEX-INMEGEN-101-153/2023|2023-03-16|2023-05-02
hCoV-19/Canada/ON-PHL-23-22348/2023|2023-04-19|2023-05-01
hCoV-19/India/GJ-INSACOG-GBRC11854/2023|2023-04-01|2023-04-29
hCoV-19/Brazil/SP-FIOCRUZ-2252/2023|2023-03-06|2023-04-28
hCoV-19/Canada/SK-RRPL-619175/2023|2023-04-07|2023-04-27
hCoV-19/France/OCC-ChuMtp-99230934724/2023|2023-04-03|2023-04-26
hCoV-19/Austria/AGES-1134746/2023|2023-04-07|2023-04-22
hCoV-19/Italy/LOM-ASST-69344074/2023|2023-04-12|2023-04-17
hCoV-19/England/PHEC-YYE1GPU/2023|2023-04-01|2023-04-17
hCoV-19/Japan/PG-468069/2023|2023-03-23|2023-04-17
hCoV-19/Malaysia/IIUM22209/2022|2022-11-08|2023-04-16
hCoV-19/France/ARA-HCL023055626101/2023|2023-04-02|2023-04-14
hCoV-19/USA/HI-H2320852/2023|2023-03-14|2023-04-13
hCoV-19/Canada/ON-PHL-23-20493/2023|2023-04-01|2023-04-11
hCoV-19/USA/MD-HP44054-PIDHJUINJQ/2023|2023-02-03|2023-04-05
hCoV-19/India/MH_BJCOG_5375/2023|2023-03-25|2023-04-05
hCoV-19/USA/CT-Yale-24429/2023|2023-03-20|2023-04-05
hCoV-19/England/BRBR-327162F2/2023|2023-03-27|2023-04-05
hCoV-19/France/PAC-IHU-101576/2022|2022-12-01|2023-04-04
hCoV-19/Canada/ON-PHL-23-19277/2023|2023-03-24|2023-04-03
hCoV-19/USA/MD-HP45572-PIDLLCTMVY/2023|2023-02-21|2023-03-31
hCoV-19/England/BRBR-3270E381/2023|2023-03-21|2023-03-30
hCoV-19/Canada/ON-PHL-23-16970-v2/2023|2023-03-10|2023-03-27
hCoV-19/Canada/BC-BCCDC-604144/2023|2023-02-20|2023-03-24
hCoV-19/Ireland/WH-NVRL-ecS23IRL00001101/2023|2023-01-05|2023-02-07
hCoV-19/Mexico/CMX-INER-IBT-2473/2023|2023-03-03|2023-03-22
hCoV-19/Canada/ON-PHL-23-17506/2023|2023-03-13|2023-03-21
hCoV-19/Japan/TKYkbm88569/2023|2023-03-02|2023-03-20
hCoV-19/Japan/PG-462842/2023|2023-02-28|2023-03-19
hCoV-19/Israel/ICH-741196720/2023|2023-03-07|2023-03-19
hCoV-19/Spain/AN-PMC-31953/2022|2022-12-23|2023-03-16
hCoV-19/Austria/LB-R00128-S090/2023|2023-03-06|2023-03-13
hCoV-19/USA/MD-CDC-QDX45961545/2023|2023-01-23|2023-02-07
hCoV-19/Australia/NSW-SAVID-16340/2023|2023-02-26|2023-03-10
hCoV-19/USA/NC-MCPH-CLT-014361/2023|2023-02-17|2023-03-09
hCoV-19/USA/WI-UW-14618/2022|2022-12-16|2023-02-02
hCoV-19/England/PHEP-YYGM5RB/2023|2023-02-21|2023-03-08
hCoV-19/England/QEUH-326E9E6E/2023|2023-02-23|2023-03-08
hCoV-19/Canada/BC-BCCDC-559318/2022|2022-11-21|2023-03-08
hCoV-19/Mexico/OAX_LANGEBIO_IMSS_14739/2023|2023-04-14|2023-09-14
hCoV-19/Italy/VEN-IZSVe-23RS8059-6_PD/2023|2023-02-23|2023-03-07
hCoV-19/Israel/ICH-741196327/2023|2023-02-22|2023-03-06
hCoV-19/England/BRBR-326E0878/2023|2023-02-22|2023-03-06
hCoV-19/Poland/2303-061_wsselodz/2023|2023-02-23|2023-03-06
hCoV-19/USA/CA-HLX-STM-PZEXR39FY/2023|2023-02-13|2023-03-03
hCoV-19/Bahrain/CDL-22920504787/2022|2022-12-18|2023-02-15
hCoV-19/USA/CA-SEARCH-131445/2022|2022-12-19|2023-03-02
hCoV-19/USA/IL-IDPH-S23WGS0482/2023|2023-02-17|2023-03-02
hCoV-19/Canada/QC-L00586638001/2023|2023-02-12|2023-02-27
hCoV-19/Austria/LB-R00126-S069/2023|2023-02-20|2023-02-27
hCoV-19/Hungary/MBL-21523/2022|2022-11-30|2023-02-27
hCoV-19/Spain/PV-HUB-54432797/2023|2023-02-10|2023-02-27
hCoV-19/Canada/AB-ABPHL-92746/2023|2023-01-11|2023-02-24
hCoV-19/Japan/PG-450243/2023|2023-02-04|2023-02-22
hCoV-19/USA/CT-Yale-24126/2023|2023-02-06|2023-02-22
hCoV-19/USA/CA-GBW-H10-010-3771/2023|2023-02-11|2023-02-20
hCoV-19/USA/GA-GPHL-0186/2023|2023-02-01|2023-02-17
hCoV-19/Japan/TKYS28596/2022|2022-11-30|2023-02-18
hCoV-19/Japan/PG-413415/2022|2022-12-06|2023-02-18
hCoV-19/Austria/AGES-1110589/2023|2023-01-30|2023-02-17
hCoV-19/Japan/PG-434950/2023|2023-01-10|2023-02-17
hCoV-19/USA/NJ-CDC-LC1002315/2023|2023-01-26|2023-02-08
hCoV-19/USA/NC-WFSM-1085-9247/2023|2023-02-06|2023-02-16
hCoV-19/USA/VA-VTVAS3-GSC41705/2023|2023-01-12|2023-02-15
hCoV-19/USA/CA-LACPHL-AF18959/2023|2023-01-21|2023-02-14
hCoV-19/Canada/QC-L00582327001/2023|2023-01-31|2023-02-14
hCoV-19/Canada/ON-PHL-23-09721/2023|2023-02-01|2023-02-13
hCoV-19/Sweden/SUS0020611/2023|2023-02-02|2023-02-13
hCoV-19/Russia/SPE-RII-9714S/2023|2023-01-22|2023-02-13
hCoV-19/England/BRBR-326B3F5B/2023|2023-01-30|2023-02-10
hCoV-19/Peru/AMA-INS-39004/2022|2022-12-21|2023-02-09
hCoV-19/France/NAQ-HCL723000190701/2023|2023-01-30|2023-02-09
hCoV-19/England/PHEC-YYEY8PZ/2023|2023-01-26|2023-02-09
hCoV-19/Japan/TKYkbm84782/2023|2023-01-16|2023-02-09
hCoV-19/USA/LA-OD-O-7340105404/2023|2023-01-24|2023-02-08
hCoV-19/Italy/VEN-IZSVe-23RS8035-12_TV/2023|2023-01-24|2023-02-07
hCoV-19/Japan/TKYmbc31278/2022|2022-12-30|2023-02-07
hCoV-19/USA/WV-WVU-WV135733/2022|2022-12-06|2023-02-06
hCoV-19/Japan/TKYkbm83491/2023|2023-01-10|2023-02-07
hCoV-19/Thailand/DMSc-13214/2022|2022-11-15|2023-02-06
hCoV-19/Scotland/SCOT-24731/2023|2023-01-16|2023-02-06
hCoV-19/USA/MN-MDH-33696/2023|2023-01-08|2023-02-03
hCoV-19/Japan/PG-439283/2023|2023-01-14|2023-02-03
hCoV-19/Germany/HH-RKI-I-1098720/2023|2023-01-13|2023-02-10
hCoV-19/Netherlands/GE-RIVM-124770/2023|2023-01-10|2023-02-02
hCoV-19/Germany/BW-RKI-I-1099980/2023|2023-01-30|2023-02-10
hCoV-19/USA/FL-TGH-4684/2023|2023-01-14|2023-02-01
hCoV-19/England/BRBR-326AC7B7/2023|2023-01-24|2023-02-01
hCoV-19/USA/VA-FBCH-5696/2022|2022-12-02|2023-01-31
hCoV-19/Brazil/PB-FIOCRUZ-28360/2022|2022-12-13|2023-01-31
hCoV-19/France/OCC-HCL723000130201/2023|2023-01-16|2023-01-31
hCoV-19/Canada/AB-ABPHL-92157/2023|2023-01-19|2023-02-09
hCoV-19/Canada/QC-L00575013001/2023|2023-01-09|2023-01-23
hCoV-19/Scotland/SCOT-23260/2022|2022-12-14|2023-01-23
hCoV-19/Scotland/SCOT-23132/2022|2022-12-14|2023-01-23
hCoV-19/England/PHEC-YY8HCKY/2023|2023-01-08|2023-01-23
hCoV-19/USA/MA-CDCBI-CRSP_7HF6ZEPLLZMZ6Y6K/2023|2023-01-09|2023-01-21
hCoV-19/France/PAC-HCL723000078501/2023|2023-01-09|2023-01-21
hCoV-19/France/PAC-HCL023007599601/2023|2023-01-02|2023-01-21
hCoV-19/USA/CA-SEARCH-218719/2022|2022-11-18|2023-01-21
hCoV-19/Peru/LIM-INS-37680/2022|2022-12-20|2023-01-20
hCoV-19/Japan/TKYmbc26734/2022|2022-12-19|2023-01-20
hCoV-19/Japan/TKYhug13846/2022|2022-12-02|2023-01-20
hCoV-19/England/QEUH-3269ABA1/2023|2023-01-05|2023-01-20
hCoV-19/USA/IL-RIPHL_20804_G/2022|2022-12-13|2023-01-18
hCoV-19/France/PAC-LBZCentre-AB2212190116/2022|2022-12-19|2023-01-19
hCoV-19/England/BRBR-3267BF6E/2022|2022-12-27|2023-01-19
hCoV-19/Austria/AGES-6052359/2022|2022-12-03|2023-01-18
hCoV-19/Spain/IB-HUSE-07570/2023|2023-01-10|2023-01-18
hCoV-19/England/PHEC-YY8AHBK/2022|2022-12-31|2023-01-18
hCoV-19/Greece/HERA_PHLnetwork-48059/2022|2022-11-28|2023-01-16
hCoV-19/Sweden/3024439563/2023|2023-01-03|2023-01-16
hCoV-19/Canada/ON-PHL-23-03389/2023|2023-01-02|2023-01-16
hCoV-19/Canada/ON-PHL-23-03565/2023|2023-01-06|2023-01-16
hCoV-19/Austria/AGES-6053128/2022|2022-12-18|2023-01-13
hCoV-19/Japan/TKYhug13255/2022|2022-11-28|2023-01-13
hCoV-19/Japan/TKYmbc24864/2022|2022-12-13|2023-01-13
hCoV-19/USA/NY-NYCPHL-016044/2022|2022-11-28|2023-01-12
hCoV-19/England/LSPA-32687345/2023|2023-01-05|2023-01-12
hCoV-19/Australia/QLD0x012C75/2022|2022-10-05|2023-01-12
hCoV-19/Japan/PG-417717/2022|2022-12-15|2023-01-12
hCoV-19/Slovenia/08-103793-MB/2022|2022-12-06|2023-01-11
hCoV-19/Slovenia/23-065244-MB/2022|2022-12-11|2023-01-11
hCoV-19/Canada/ON-KHS-23-00031-v1/2022|2022-12-29|2023-01-10
hCoV-19/England/BRBR-32681220/2023|2023-01-02|2023-01-11
hCoV-19/Japan/PG-419835/2022|2022-12-13|2023-01-10
hCoV-19/Canada/ON-PHL-22-61415/2022|2022-12-29|2023-01-09
hCoV-19/Netherlands/NH-RIVM-122381/2022|2022-12-18|2023-01-09
hCoV-19/Japan/TKYkbm69226/2022|2022-11-29|2023-01-07
hCoV-19/USA/MD-HP42093-PIDXAQWZHM/2022|2022-12-22|2023-01-06
hCoV-19/Canada/BC-BCCDC-565732/2022|2022-12-06|2023-01-06
hCoV-19/France/BFC-HMN-22122200340/2022|2022-12-06|2023-01-06
hCoV-19/Slovenia/243373/2022|2022-12-21|2023-01-06
hCoV-19/France/NAQ-ALPIGENE-2212070138/2022|2022-12-05|2023-01-05
hCoV-19/Israel/ICH-741194594/2022|2022-12-22|2023-01-05
hCoV-19/USA/CA-SC-275720/2022|2022-11-28|2023-01-04
hCoV-19/Mexico/QUE_InDRE_FB3756/2023|2023-07-15|2023-09-22
hCoV-19/Italy/CAM-TIGEM-IZSM-COLLI-42809/2022|2022-12-07|2023-01-04
hCoV-19/Japan/PG-419427/2022|2022-12-27|2023-01-04
hCoV-19/Indonesia/JK-CW62-3570/2022|2022-11-30|2023-01-02
hCoV-19/USA/CA-HLX-STM-P8ETR6AV7/2022|2022-11-28|2023-01-03
hCoV-19/USA/CA-HLX-STM-U4J48FJS7/2022|2022-11-29|2023-01-03
hCoV-19/Brazil/AM-FIOCRUZ-ILMD2206965/2022|2022-12-01|2023-01-03
hCoV-19/Switzerland/ZH-UZH-IMV-46efa32b/2022|2022-12-06|2023-01-03
hCoV-19/England/BRBR-3265B474/2022|2022-12-27|2023-01-03
hCoV-19/Liechtenstein/FL-Risch-1227R15441/2022|2022-12-27|2023-01-02
hCoV-19/Israel/ICH-741194135/2022|2022-12-20|2023-01-01
hCoV-19/India/KA-SLS-49149/2022|2022-10-01|2022-12-30
hCoV-19/Scotland/QEUH-3263B6ED/2022|2022-12-10|2022-12-29
hCoV-19/USA/GA-ASC-210960057/2022|2022-12-12|2022-12-28
hCoV-19/Poland/22SNR3656/2022|2022-12-09|2022-12-28
hCoV-19/Brazil/RJ-FIOCRUZ-23857/2022|2022-11-10|2022-12-27
hCoV-19/Brazil/SC-FIOCRUZ-23289/2022|2022-11-11|2022-12-27
hCoV-19/Brazil/AL-FIOCRUZ-24150/2022|2022-11-18|2022-12-27
hCoV-19/USA/NY-Wadsworth-22059104-01/2022|2022-11-23|2022-12-27
hCoV-19/Scotland/SCOT-22237/2022|2022-11-23|2022-12-26
hCoV-19/England/PHEC-YY81MRB/2022|2022-12-08|2022-12-26
hCoV-19/India/GJ-INSACOG-GBRC10069/2022|2022-12-10|2022-12-24
hCoV-19/Japan/PG-414509/2022|2022-12-10|2022-12-24
hCoV-19/Argentina/PAIS-A1691/2022|2022-12-12|2022-12-23
hCoV-19/Indonesia/JK-JKT-BRIN-141/2022|2022-11-04|2022-12-23
hCoV-19/USA/WI-MHDL-120026/2022|2022-11-16|2022-12-22
hCoV-19/Sweden/9462308363/2022|2022-12-12|2022-12-22
hCoV-19/Wales/PHWC-PKEQ8O/2022|2022-12-03|2022-12-22
hCoV-19/France/ARA-HCL022204325801/2022|2022-12-06|2022-12-22
hCoV-19/Belgium/rega-46277/2022|2022-11-14|2022-12-21
hCoV-19/Luxembourg/LNS4038684/2023|2023-02-01|2023-02-14
hCoV-19/Netherlands/NH-RIVM-120299/2022|2022-11-30|2022-12-20
hCoV-19/Japan/PG-407747/2022|2022-11-30|2022-12-20
hCoV-19/USA/CA-HLX-STM-2ZHQQMYD4/2022|2022-11-22|2022-12-19
hCoV-19/USA/NM-NMDOH-2022148079/2022|2022-11-09|2022-12-19
hCoV-19/Canada/ON-PHL-22-55660/2022|2022-12-05|2022-12-19
hCoV-19/Japan/PG-407701/2022|2022-11-26|2022-12-19
hCoV-19/Scotland/SCOT-21648/2022|2022-11-21|2022-12-16
hCoV-19/USA/UT-UPHL-221209638943/2022|2022-11-17|2022-12-14
hCoV-19/Canada/ON-KHS-22-16476-v1/2022|2022-12-04|2022-12-14
hCoV-19/Scotland/LSPA-3260B8B3/2022|2022-12-03|2022-12-14
hCoV-19/Japan/PG-404120/2022|2022-11-25|2022-12-14
hCoV-19/USA/MI-UM-10048279804/2022|2022-11-07|2022-12-13
hCoV-19/England/LSPA-326105B4/2022|2022-12-05|2022-12-13
hCoV-19/France/PDL-HMN-22112300501/2022|2022-11-07|2022-12-12
hCoV-19/Australia/TAS004436/2022|2022-11-27|2022-12-11
hCoV-19/USA/CA-ASC-210783524/2022|2022-11-18|2022-12-09
hCoV-19/USA/DE-DHSS-B1253155/2022|2022-11-16|2022-12-09
hCoV-19/England/LSPA-32609E4A/2022|2022-12-02|2022-12-09
hCoV-19/USA/AZ-ASU96093/2022|2022-11-06|2022-12-08
hCoV-19/USA/MI-SHMSU-D07_I_0138_69/2023|2023-03-22|2023-10-02
hCoV-19/USA/CA-HLX-STM-BXKK4U8A5/2022|2022-11-15|2022-12-07
hCoV-19/Norway/Ahus-4543/2022|2022-11-06|2022-12-07
hCoV-19/USA/CT-Yale-23075/2022|2022-11-17|2022-12-06
hCoV-19/USA/WA-CDC-UW22111752100/2022|2022-11-17|2022-12-06
hCoV-19/Japan/TKYkbm58335/2022|2022-11-08|2022-12-03
hCoV-19/Japan/TKYkbm58093/2022|2022-11-08|2022-12-03
hCoV-19/Japan/TKYkbm58091/2022|2022-11-08|2022-12-03
hCoV-19/Japan/PG-401437/2022|2022-11-14|2022-12-03
hCoV-19/Japan/PG-397775/2022|2022-11-15|2022-12-02
hCoV-19/Slovenia/08-102580-MB/2022|2022-11-08|2022-12-01
hCoV-19/France/NOR-CHURouen-77039987/2022|2022-11-18|2022-11-30
hCoV-19/England/LSPA-325FB608/2022|2022-11-22|2022-11-30
hCoV-19/USA/CO-CDPHE-2103704038/2022|2022-10-17|2022-11-29
hCoV-19/Japan/PG-393860/2022|2022-11-07|2022-11-29
hCoV-19/Austria/LB-R00113-S058/2022|2022-11-15|2022-11-28
hCoV-19/Peru/LIM-INS-32424/2022|2022-11-12|2022-11-28
hCoV-19/Canada/ON-PHL-22-52206/2022|2022-11-14|2022-11-28
hCoV-19/Japan/TKYkbm56545/2022|2022-10-20|2022-11-28
hCoV-19/Canada/AB-ABPHL-84755/2022|2022-10-30|2022-11-25
hCoV-19/Belgium/UGent-7111/2022|2022-10-17|2022-11-25
hCoV-19/Russia/MOW-CRIE-7788029197/2022|2022-10-31|2022-11-24
hCoV-19/Japan/PG-395583/2022|2022-11-07|2022-11-24
hCoV-19/Canada/QC-L00550026001/2022|2022-11-07|2022-11-23
hCoV-19/USA/NE-ASC-210804002/2022|2022-10-17|2022-11-23
hCoV-19/USA/MA-CDCBI-CRSP_HKNETGBBCMOCRJPY/2022|2022-11-14|2022-11-23
hCoV-19/USA/CA-CDC-QDX46229603/2023|2023-01-27|2023-02-14
hCoV-19/Germany/SH-RKI-I-1104604/2023|2023-02-06|2023-02-16
hCoV-19/USA/VI-CDC-2-6832094/2023|2023-01-17|2023-02-16
hCoV-19/Sweden/63810554/2023|2023-01-25|2023-02-17
hCoV-19/France/IDF-IPP03495/2023|2023-02-06|2023-02-17
hCoV-19/Norway/35523/2022|2022-12-05|2023-02-19
hCoV-19/Germany/NW-RKI-I-1108627/2023|2023-02-09|2023-02-23
hCoV-19/Germany/BY-RKI-I-1109883/2023|2023-02-16|2023-02-23
hCoV-19/USA/PA-CDC-LC1011886/2023|2023-02-10|2023-02-25
hCoV-19/Germany/RP-RKI-I-1113982/2023|2023-02-20|2023-03-02
hCoV-19/USA/TX-CDC-QDX46826588/2023|2023-02-10|2023-03-07
hCoV-19/USA/NV-CDC-QDX46945398/2023|2023-02-18|2023-03-07
hCoV-19/USA/IL-CDC-VSX-A073899/2023|2023-02-15|2023-03-07
hCoV-19/USA/FL-CDC-VSX-A078471/2023|2023-02-21|2023-03-09
hCoV-19/USA/CA-CDC-LC1022684/2023|2023-03-01|2023-03-10
hCoV-19/USA/KS-CDC-2-6895397/2023|2023-02-07|2023-03-13
hCoV-19/USA/CA-CDC-LC1021848/2023|2023-02-26|2023-03-13
hCoV-19/France/GES-IPP05498/2023|2023-02-26|2023-03-14
hCoV-19/Germany/NW-RKI-I-1121600/2023|2023-03-06|2023-03-21
hCoV-19/USA/MD-CDC-QDX47869782/2023|2023-03-09|2023-03-29
hCoV-19/Germany/SN-RKI-I-1075162/2022|2022-12-13|2023-03-30
hCoV-19/France/GES-IPP07293/2023|2023-03-13|2023-03-30
hCoV-19/USA/NY-CDC-LC1030928/2023|2023-03-19|2023-03-30
hCoV-19/USA/CA-CDC-QDX48193195/2023|2023-03-21|2023-04-03
hCoV-19/Ireland/DL-NVRL-SIRL00016582/2023|2023-03-25|2023-04-07
hCoV-19/USA/PA-CDC-QDX48192746/2023|2023-03-18|2023-04-10
hCoV-19/USA/FL-CDC-QDX48316506/2023|2023-03-25|2023-04-10
hCoV-19/USA/FL-CDC-QDX48316468/2023|2023-03-23|2023-04-10
hCoV-19/USA/CA-CDC-QDX48464135/2023|2023-03-27|2023-04-10
hCoV-19/USA/TX-CDC-QDX48496840/2023|2023-03-27|2023-04-15
hCoV-19/USA/PA-CDC-QDX48636825/2023|2023-04-01|2023-04-17
hCoV-19/USA/FL-CDC-QDX48587448/2023|2023-04-01|2023-04-17
hCoV-19/Norway/1077-1/2023|2023-01-20|2023-04-20
hCoV-19/USA/MI-CDC-QDX48791798/2023|2023-04-05|2023-04-24
hCoV-19/USA/CA-CDC-VSX-A063766/2023|2023-04-08|2023-04-26
hCoV-19/Sweden/1260799129R4/2023|2023-04-02|2023-04-27
hCoV-19/Colombia/DC-INS-VG-28977/2023|2023-03-15|2023-05-12
hCoV-19/Ukraine/79278/2023|2023-04-20|2023-06-02
hCoV-19/France/HDF-IPP14804/2023|2023-05-22|2023-06-05
hCoV-19/England/PHEC-YYE4XFK/2023|2023-05-29|2023-06-12
hCoV-19/Australia/VIC-VIDRL-00008184/2023|2023-03-21|2023-06-22
hCoV-19/Singapore/R43MR15/2023|2023-06-20|2023-06-26
hCoV-19/USA/KY-CDC-VSX-A348798/2023|2023-05-24|2023-06-27
hCoV-19/Colombia/DC-LSPSDS-11857/2023|2023-02-06|2023-05-23
hCoV-19/Canada/QC-L00570276001/2022|2022-12-27|2023-01-12
hCoV-19/Spain/MC-HCUVA-11040300/2023|2023-04-18|2023-07-18
hCoV-19/Australia/SA565669/2023|2023-07-11|2023-07-19
hCoV-19/Mexico/BCN_LANGEBIO_IMSS_14928/2023|2023-05-02|2023-10-09
hCoV-19/Japan/TKYmbc38406/2023|2023-06-30|2023-07-19
hCoV-19/USA/MN-HLX-VSX-A00343/2023|2023-03-05|2023-09-22
hCoV-19/Spain/VC-FISABIO-117901/2023|2023-04-26|2023-06-13
hCoV-19/Austria/AGES-1135563/2023|2023-04-18|2023-04-28
hCoV-19/Norway/4172/2023|2023-03-14|2023-04-20
hCoV-19/France/PAC-HCL723000482701/2023|2023-03-27|2023-04-14
hCoV-19/England/PLYM-326F4264/2023|2023-03-03|2023-03-14
hCoV-19/Netherlands/GE-RIVM-126059/2023|2023-01-29|2023-02-17
hCoV-19/Indonesia/JK-NIHRD-WGS-23-00086/2023|2023-01-06|2023-01-17
hCoV-19/Japan/PG-549547/2023|2023-06-24|2023-08-01
hCoV-19/USA/UT-UPHL-230627531732/2023|2023-06-11|2023-07-03
hCoV-19/USA/NY-MSHSPSP-PV87277/2023|2023-02-04|2023-10-17
hCoV-19/USA/GA-EHC-7160X/2023|2023-05-12|2023-08-02
hCoV-19/USA/CA-SFDPH-D-6766347634/2022|2022-12-23|2023-05-11
hCoV-19/USA/CA-CDC-QDX82903330/2023|2023-07-17|2023-08-07
hCoV-19/Japan/PG-472923/2023|2023-04-12|2023-08-10
hCoV-19/Finland/THL-06404/2023|2023-07-20|2023-08-16
hCoV-19/USA/CT-CDC-QDX83075026/2023|2023-07-22|2023-08-12
hCoV-19/Indonesia/JK-NIHRD-W01325/2023|2023-03-27|2023-04-26
hCoV-19/USA/TX-CDC-VSX-A065733/2023|2023-04-10|2023-04-26
hCoV-19/Canada/NB-CHUDGLD-170323-MM00056R/2023|2023-03-17|2023-03-31
hCoV-19/USA/NM-ASU-104476/2023|2023-07-29|2023-08-21
hCoV-19/Brazil/AM-FIOCRUZ-ILMD2301427/2023|2023-02-22|2023-08-22
hCoV-19/Japan/TKYmbc37705/2023|2023-05-02|2023-06-02
hCoV-19/France/NOR-IPP-04438/2023|2023-02-20|2023-03-03
hCoV-19/Australia/NSW-ICPMR-42750/2023|2023-02-17|2023-03-03
hCoV-19/Australia/NSW-ICPMR-42932/2023|2023-02-22|2023-03-10
hCoV-19/Australia/WA13211/2023|2023-04-26|2023-05-15
hCoV-19/Thailand/NIC_CBI_25319/2022|2022-11-11|2022-12-21
hCoV-19/Denmark/DCGC-629265/2022|2022-12-21|2022-12-29
hCoV-19/Ireland/SO-NVRL-S22IRL00478571/2022|2022-12-15|2023-01-12
hCoV-19/Wales/PHWC-PKMDKX/2023|2023-01-03|2023-01-25
hCoV-19/Spain/PV-HUD-98046302/2023|2023-03-13|2023-03-27
hCoV-19/Netherlands/LI-RIVM-126093/2023|2023-01-31|2023-02-17
hCoV-19/England/PHEC-YY84AKA/2023|2023-01-05|2023-01-23
hCoV-19/England/LSPA-32690DC3/2023|2023-01-07|2023-01-14
hCoV-19/Japan/TKYkbm70973/2022|2022-12-10|2023-01-13
hCoV-19/England/QEUH-326866D4/2022|2022-12-29|2023-01-12
hCoV-19/England/LSPA-3266B884/2022|2022-12-30|2023-01-09
hCoV-19/England/BRBR-32669F36/2022|2022-12-28|2023-01-09
hCoV-19/Sweden/SUS0019170/2022|2022-12-18|2023-01-01
hCoV-19/England/LSPA-32643FAB/2022|2022-12-15|2023-01-01
hCoV-19/England/LSPA-32641F43/2022|2022-12-22|2022-12-27
hCoV-19/Switzerland/BE-Risch-1130R15173/2022|2022-11-30|2022-12-14
hCoV-19/England/QEUH-3260F1F0/2022|2022-11-28|2022-12-13
hCoV-19/Norway/37350/2022|2022-12-23|2023-02-19
hCoV-19/Brazil/CE-FIOCRUZ-154257CE/2022|2022-11-30|2023-11-03
hCoV-19/USA/IN-CDC-LC0949351/2022|2022-11-28|2022-12-15
hCoV-19/Canada/ON-PHL-23-13910/2023|2023-02-21|2023-03-06
hCoV-19/India/GJ-INSACOG-GBRC13068/2023|2023-04-18|2023-05-09
hCoV-19/Italy/UMB-LAOP-109-2-40-2023/2023|2023-02-21|2023-03-23
hCoV-19/Italy/UMB-LAOP-105-2-23/2023|2023-01-28|2023-02-02
hCoV-19/Indonesia/JI-ITD-61190NT/2023|2023-05-02|2023-06-01
hCoV-19/Brazil/RS-311-66467-103/2022|2022-12-24|2023-12-20
hCoV-19/Bulgaria/23BG-EU_023164_Pl214/2023|2023-04-05|2023-06-20
hCoV-19/England/CLIMB-CM7YFXEN/2022|2022-12-03|2023-12-25
hCoV-19/USA/CA-CDPH-500115330/2023|2023-05-15|2023-06-28
hCoV-19/USA/IL-S23WGS0867/2023|2023-03-01|2024-01-11
hCoV-19/USA/CA-CDPH-7000025395/2023|2023-02-13|2023-05-18
hCoV-19/USA/CA-CDPH-500107855/2023|2023-03-29|2023-04-24
hCoV-19/USA/CA-CDPH-500106641/2023|2023-03-22|2023-04-13
hCoV-19/USA/CA-CDPH-FS48080195/2023|2023-02-08|2023-03-24
hCoV-19/USA/CA-CDPH-500085641/2022|2022-10-24|2023-03-07
hCoV-19/USA/CA-CDPH-FS47315642/2023|2023-01-31|2023-02-20
hCoV-19/USA/CA-CDPH-A3000000314799/2023|2023-01-10|2023-02-01
hCoV-19/USA/CA-CDPH-FS48080027/2022|2022-12-24|2023-01-30
hCoV-19/USA/CA-CDPH-FS48078598/2022|2022-12-09|2022-12-30
hCoV-19/Spain/GA-SCQ_22-324716/2022|2022-11-02|2023-02-25
hCoV-19/USA/CO-CDPHE-40563836/2023|2023-03-03|2024-01-23
hCoV-19/USA/CO-CDPHE-2103726247/2022|2022-10-28|2022-12-13
hCoV-19/USA/CO-CDPHE-2103740450/2022|2022-12-09|2023-01-20
hCoV-19/USA/CO-CDPHE-2103771606/2023|2023-01-20|2023-02-13
hCoV-19/USA/CO-CDPHE-2103700721/2022|2022-10-05|2022-11-21
hCoV-19/Japan/TKYkbm79107/2022|2022-12-27|2023-01-30
hCoV-19/Canada/BC-BCCDC-577559/2022|2022-12-31|2023-01-27
hCoV-19/USA/CA-SCPHL-23WGS00124/2023|2023-01-13|2023-01-27
hCoV-19/USA/CA-SCPHL-23WGS00067/2023|2023-01-03|2023-01-27
hCoV-19/Japan/TKYmbc27184/2022|2022-12-20|2023-01-27
hCoV-19/Brazil/RJ-LNN10959/2022|2022-12-07|2023-01-26
hCoV-19/USA/WA-OHSU-230050255/2022|2022-12-15|2023-01-26
hCoV-19/Brazil/RJ-FIOCRUZ-28124/2022|2022-12-03|2023-01-26
hCoV-19/USA/CA-CCPHL-4305/2022|2022-12-08|2023-01-25
hCoV-19/USA/CO-CDC-2-6686309/2022|2022-11-08|2023-01-25
hCoV-19/USA/IN-CDC-STM-NC7K84XF7/2023|2023-01-09|2023-01-25
hCoV-19/USA/NM-CDC-LC0933288/2022|2022-10-31|2022-11-22
hCoV-19/USA/ND-NDDH-20897/2022|2022-11-10|2022-11-22
hCoV-19/France/PDL-IPP55044/2022|2022-11-07|2022-11-21
hCoV-19/Japan/TKYnat11235/2022|2022-10-22|2022-11-22
hCoV-19/Netherlands/FR-RIVM-117767/2022|2022-11-03|2022-11-21
hCoV-19/Canada/NB-CHUDGLD-061122-MM00309R/2022|2022-11-06|2022-11-21
hCoV-19/Japan/TKYmbc10886/2022|2022-10-07|2022-11-21
hCoV-19/Japan/TKYnat10915/2022|2022-10-18|2022-11-21
hCoV-19/USA/NY-PRL-221111_00L12/2022|2022-11-09|2022-11-20
hCoV-19/Canada/AB-ABPHL-84221/2022|2022-10-24|2022-11-18
hCoV-19/USA/HI-H2217645/2022|2022-10-29|2022-11-19
hCoV-19/England/QEUH-325ED557/2022|2022-11-07|2022-11-18
hCoV-19/USA/MN-MDH-31560/2022|2022-10-31|2022-11-17
hCoV-19/Australia/QLD0x01221D/2022|2022-11-02|2022-11-17
hCoV-19/USA/CA-LACPHL-AF15840/2022|2022-10-24|2022-11-16
hCoV-19/Israel/SMC-7108649/2022|2022-11-05|2022-11-16
hCoV-19/England/PHEP-YYF9JYU/2022|2022-11-02|2022-11-16
hCoV-19/Sweden/01_SE100_22CS509345/2022|2022-10-25|2022-11-14
hCoV-19/Sweden/SUS0017232/2022|2022-10-31|2022-11-14
hCoV-19/Wales/PHWC-PKG7WK/2022|2022-10-20|2022-11-14
hCoV-19/Austria/LB-R00111-S184/2022|2022-11-08|2022-11-14
hCoV-19/Denmark/DCGC-608981/2022|2022-11-05|2022-11-14
hCoV-19/Indonesia/BA-SANGLAHUNUD-C.17.COV.0158/2022|2022-11-02|2022-11-12
hCoV-19/Norway/32709/2022|2022-10-23|2022-11-11
hCoV-19/England/PHEC-YY8MQYI/2022|2022-10-19|2022-11-11
hCoV-19/Netherlands/NB-PAMM-J24-0082/2022|2022-10-23|2022-11-08
hCoV-19/USA/NY-NYCPHL-015529/2022|2022-10-12|2022-11-07
hCoV-19/USA/NY-PRL-221028_02I15/2022|2022-10-23|2022-11-06
hCoV-19/USA/NY-PRL-221028_02E23/2022|2022-10-23|2022-11-06
hCoV-19/England/PHEC-YY8J73Z/2022|2022-10-23|2022-11-04
hCoV-19/Germany/NI-RKI-I-1016664/2022|2022-10-17|2022-11-04
hCoV-19/Japan/PG-382840/2022|2022-10-07|2022-11-04
hCoV-19/USA/NC-CDC-LC0918035/2022|2022-10-17|2022-11-02
hCoV-19/Japan/PG-383731/2022|2022-10-15|2022-11-02
hCoV-19/Canada/ON-PHL-22-47012/2022|2022-10-20|2022-10-31
hCoV-19/USA/NC-ECU-115509346/2022|2022-10-10|2022-10-31
hCoV-19/Netherlands/GE-MVD-CWGS2203803/2022|2022-10-11|2022-10-31
hCoV-19/USA/NY-PRL-221019_00A09/2022|2022-10-16|2022-10-30
hCoV-19/England/LSPA-325CA73C/2022|2022-10-21|2022-10-30
hCoV-19/France/IDF-IPP53585/2022|2022-10-17|2022-10-28
hCoV-19/Netherlands/NH-RIVM-115887/2022|2022-10-11|2022-10-28
hCoV-19/Germany/TH-RKI-I-1008064/2022|2022-10-14|2022-10-27
hCoV-19/USA/CA-Stanford-109_S40/2022|2022-10-13|2022-10-25
hCoV-19/Scotland/LSPA-325BA2F2/2022|2022-10-17|2022-10-25
hCoV-19/USA/UT-CDC-LC0913449/2022|2022-10-11|2022-10-24
hCoV-19/Wales/PHWC-PKFXQ8/2022|2022-10-08|2022-10-24
hCoV-19/England/LSPA-325B44B6/2022|2022-10-15|2022-10-24
hCoV-19/England/PHEC-YY8DPFH/2022|2022-10-05|2022-10-20
hCoV-19/Luxembourg/LNS2858803/2022|2022-10-05|2022-10-19
hCoV-19/Canada/QC-L00537967001/2022|2022-10-10|2022-10-18
hCoV-19/Canada/ON-PHL-22-43723/2022|2022-10-05|2022-10-17
hCoV-19/USA/NY-PRL-221005_00I05/2022|2022-10-03|2022-10-16
hCoV-19/England/PLYM-325A1CE1/2022|2022-10-09|2022-10-16
hCoV-19/Italy/FVG-UD-65341698/2022|2022-10-04|2022-10-13
