Mutation	Count_china_ba5	Frequency_china_ba5	Count_china_bf7	Frequency_china_bf7	Count_china_xbb	Frequency_china_xbb	Count_world_xbb	Frequency_world_xbb
N:Q241K	3754.0	0.33893102202961356	1.0	0.0001890359168241966			9.0	2.5726855120644657e-05
ORF1b:T2432I	2313.0	0.20882990249187433			13.0	0.0007117048067447718	440.0	0.0012577573614537389
ORF1a:T1788M	1650.0	0.14897074756229686	1.0	0.0001890359168241966	14.0	0.0007664513303405234	471.0	0.0013463720846470704
S:A570S	1527.0	0.13786565547128926	1.0	0.0001890359168241966			9.0	2.5726855120644657e-05
ORF1a:T4175I	1291.0	0.11655832430480317	8.0	0.0015122873345935729	9431.0	0.516314464031534	59527.0	0.17016027830740163
ORF1a:S3949N	1151.0	0.10391838208739618			2.0	0.00010949304719150334	23.0	6.574640753053635e-05
ORF1a:L3116F	802.0	0.07240881184543156	11.0	0.0020793950850661624	5.0	0.00027373261797875834	356.0	0.0010176400469943886
ORF7a:F63H	801.0	0.07231852654387866	3.0	0.0005671077504725897	1.0	5.474652359575167e-05	275.0	0.0007860983509085867
ORF1a:S2255F	488.0	0.04405922715781871	1.0	0.0001890359168241966			165.0	0.0004716590105451521
ORF1a:L3829F	20.0	0.0018057060310581437	6.0	0.0011342155009451795	4355.0	0.23842111025949853	28727.0	0.0821172630056399
S:V83F	9.0	0.0008125677139761647	179.0	0.03383742911153119				
ORF1a:A3143V	6.0	0.0005417118093174431	8.0	0.0015122873345935729	3439.0	0.18827329464578998	6898.0	0.019718205180245207
S:Y200C	5.0	0.0004514265077645359	4.0	0.0007561436672967864	1853.0	0.10144530822292784	2692.0	0.007695188220530602
ORF8:S67F	5.0	0.0004514265077645359	11.0	0.0020793950850661624	606.0	0.03317639329902551	1786.0	0.00510535147171904
ORF1a:T1760I	5.0	0.0004514265077645359			867.0	0.0474652359575167	302.0	0.0008632789162705207
S:T547I	4.0	0.00036114120621162876	5.0	0.000945179584120983	2490.0	0.13631884375342165	6832.0	0.019529541576027144
ORF1b:K1383R	4.0	0.00036114120621162876	1.0	0.0001890359168241966	1250.0	0.06843315449468959	730.0	0.0020867338042300666
S:Q613H	4.0	0.00036114120621162876			555.0	0.030384320595642177	10089.0	0.02883980459024266
S:Q52H	4.0	0.00036114120621162876	4.0	0.0007561436672967864	3356.0	0.1837293331873426	6581.0	0.018812048172106945
ORF1b:V1092F	3.0	0.00027085590465872155			1519.0	0.08315996934194679	5342.0	0.01527031778383153
ORF1a:I1203V	2.0	0.00018057060310581438	471.0	0.08903591682419659			61.0	0.00017437090692881379
ORF1a:A690V	2.0	0.00018057060310581438	6.0	0.0011342155009451795	3427.0	0.18761633636264097	6992.0	0.019986907889283048
ORF7a:H47Y	2.0	0.00018057060310581438	5268.0	0.9958412098298677	10.0	0.0005474652359575167	519.0	0.001483581978623842
ORF9b:I5T	1.0	9.028530155290719e-05	2.0	0.0003780718336483932	15644.0	0.8564546151319391	90656.0	0.2591437530907958
ORF1a:E750K	1.0	9.028530155290719e-05			1779.0	0.09739406547684222	463.0	0.001323503768984275
S:K478R	1.0	9.028530155290719e-05			4554.0	0.2493156684550531	31313.0	0.08950944604363846
S:D253G	1.0	9.028530155290719e-05			391.0	0.021405890725938903	16936.0	0.04841222425813755
ORF9b:D16G			5272.0	0.9965973534971645	1.0	5.474652359575167e-05	14.0	4.001955240989169e-05
ORF1a:K2901T			465.0	0.08790170132325142			2.0	5.717078915698813e-06
ORF1a:T1844I			382.0	0.0722117202268431	3.0	0.000164239570787255	40.0	0.00011434157831397625
ORF3a:A98V			175.0	0.0330812854442344			56.0	0.00016007820963956677
S:I210T			1.0	0.0001890359168241966	860.0	0.04708201029234644	223.0	0.0006374542991004176
ORF1a:G1819S					9009.0	0.4932114310741268	58566.0	0.16741322188840835
ORF9b:N55S					4317.0	0.23634074236285996	26502.0	0.07575701271192498
ORF1b:D1746Y					4316.0	0.2362859958392642	27074.0	0.07739209728181483
S:E180V					4302.0	0.23551954450892368	26000.0	0.07432202590408457
S:F456L					3898.0	0.21340194897624	16394.0	0.04686289587198317
ORF1b:D54N					3172.0	0.1736559728457243	2233.0	0.006383118609377725
S:Q146K					1285.0	0.0703492828205409	13827.0	0.039525025083683746
ORF1a:D1282Y					849.0	0.046479798532793166	242.0	0.0006917665487995564
S:P521S					443.0	0.02425270995291799	12470.0	0.0356459870393821
S:P486S					75.0	0.004105989269681375	31454.0	0.08991250010719523
