Mutation	Frequency_china_ba5	Frequency_china_bf7	Frequency_china_xbb	Frequency_world_xbb	Gene	Original_AA	Position	Mutated_AA
Q241K	0.3389310220296135	0.0001890359168241		2.5726855120644657e-05	N	Q	241	K
T2432I	0.2088299024918743		0.0007117048067447	0.0012577573614537	ORF1b	T	2432	I
T1788M	0.1489707475622968	0.0001890359168241	0.0007664513303405	0.001346372084647	ORF1a	T	1788	M
A570S	0.1378656554712892	0.0001890359168241		2.5726855120644657e-05	S	A	570	S
T4175I	0.1165583243048031	0.0015122873345935	0.516314464031534	0.1701602783074016	ORF1a	T	4175	I
S3949N	0.1039183820873961		0.0001094930471915	6.574640753053635e-05	ORF1a	S	3949	N
L3116F	0.0724088118454315	0.0020793950850661	0.0002737326179787	0.0010176400469943	ORF1a	L	3116	F
F63H	0.0723185265438786	0.0005671077504725	5.474652359575167e-05	0.0007860983509085	ORF7a	F	63	H
S2255F	0.0440592271578187	0.0001890359168241		0.0004716590105451	ORF1a	S	2255	F
L3829F	0.0018057060310581	0.0011342155009451	0.2384211102594985	0.0821172630056399	ORF1a	L	3829	F
V83F	0.0008125677139761	0.0338374291115311			S	V	83	F
A3143V	0.0005417118093174	0.0015122873345935	0.1882732946457899	0.0197182051802452	ORF1a	A	3143	V
Y200C	0.0004514265077645	0.0007561436672967	0.1014453082229278	0.0076951882205306	S	Y	200	C
S67F	0.0004514265077645	0.0020793950850661	0.0331763932990255	0.005105351471719	ORF8	S	67	F
T1760I	0.0004514265077645		0.0474652359575167	0.0008632789162705	ORF1a	T	1760	I
T547I	0.0003611412062116	0.0009451795841209	0.1363188437534216	0.0195295415760271	S	T	547	I
K1383R	0.0003611412062116	0.0001890359168241	0.0684331544946895	0.00208673380423	ORF1b	K	1383	R
Q613H	0.0003611412062116		0.0303843205956421	0.0288398045902426	S	Q	613	H
Q52H	0.0003611412062116	0.0007561436672967	0.1837293331873426	0.0188120481721069	S	Q	52	H
V1092F	0.0002708559046587		0.0831599693419467	0.0152703177838315	ORF1b	V	1092	F
I1203V	0.0001805706031058	0.0890359168241965		0.0001743709069288	ORF1a	I	1203	V
A690V	0.0001805706031058	0.0011342155009451	0.1876163363626409	0.019986907889283	ORF1a	A	690	V
H47Y	0.0001805706031058	0.9958412098298676	0.0005474652359575	0.0014835819786238	ORF7a	H	47	Y
I5T	9.02853015529072e-05	0.0003780718336483	0.8564546151319391	0.2591437530907958	ORF9b	I	5	T
E750K	9.02853015529072e-05		0.0973940654768422	0.0013235037689842	ORF1a	E	750	K
K478R	9.02853015529072e-05		0.2493156684550531	0.0895094460436384	S	K	478	R
D253G	9.02853015529072e-05		0.0214058907259389	0.0484122242581375	S	D	253	G
D16G		0.9965973534971644	5.474652359575167e-05	4.001955240989169e-05	ORF9b	D	16	G
K2901T		0.0879017013232514		5.717078915698813e-06	ORF1a	K	2901	T
T1844I		0.0722117202268431	0.0001642395707872	0.0001143415783139	ORF1a	T	1844	I
A98V		0.0330812854442344		0.0001600782096395	ORF3a	A	98	V
I210T		0.0001890359168241	0.0470820102923464	0.0006374542991004	S	I	210	T
G1819S			0.4932114310741268	0.1674132218884083	ORF1a	G	1819	S
N55S			0.2363407423628599	0.0757570127119249	ORF9b	N	55	S
D1746Y			0.2362859958392642	0.0773920972818148	ORF1b	D	1746	Y
E180V			0.2355195445089236	0.0743220259040845	S	E	180	V
F456L			0.21340194897624	0.0468628958719831	S	F	456	L
D54N			0.1736559728457243	0.0063831186093777	ORF1b	D	54	N
Q146K			0.0703492828205409	0.0395250250836837	S	Q	146	K
D1282Y			0.0464797985327931	0.0006917665487995	ORF1a	D	1282	Y
P521S			0.0242527099529179	0.0356459870393821	S	P	521	S
P486S			0.0041059892696813	0.0899125001071952	S	P	486	S
